t_pc_s,seq,t_esp_ms,pot_base,pot_codo,pot_pinza,pinza,rutina_activa,obj_j1,obj_j2,obj_jg,obj_dedos,real_j1,real_j2,real_jg,real_dedos,tramas_ok,tramas_malas,tramas_perdidas,rtt_ms
-0.0076,6928,1449325,0,1830,0,0,0,-2.5000,-0.2189,0.0000,0.0000,-0.0063,-0.0050,0.0000,0.0000,45,0,0,693.21
0.0035,6929,1449345,0,1830,0,0,0,-2.5000,-0.2189,0.0000,0.0000,-0.0125,-0.0100,0.0000,-0.0000,46,0,0,
0.0235,6930,1449365,0,1829,0,0,0,-2.5000,-0.2199,0.0000,0.0000,-0.0437,-0.0350,-0.0000,0.0000,47,0,0,
0.0434,6931,1449385,0,1830,0,0,0,-2.5000,-0.2189,0.0000,0.0000,-0.0687,-0.0550,-0.0000,0.0000,48,0,0,
0.0636,6932,1449405,0,1830,0,0,0,-2.5000,-0.2189,0.0000,0.0000,-0.1000,-0.0800,-0.0000,0.0000,49,0,0,
0.0834,6933,1449425,0,1830,0,0,0,-2.5000,-0.2189,0.0000,0.0000,-0.1250,-0.1000,-0.0000,0.0000,50,0,0,
0.1036,6934,1449445,0,1830,0,0,0,-2.5000,-0.2189,0.0000,0.0000,-0.1500,-0.1201,-0.0000,0.0000,51,0,0,
0.1234,6935,1449465,0,1830,0,0,0,-2.5000,-0.2189,0.0000,0.0000,-0.1750,-0.1401,-0.0000,0.0000,52,0,0,
0.1435,6936,1449485,0,1831,0,0,0,-2.5000,-0.2179,0.0000,0.0000,-0.2063,-0.1651,-0.0000,0.0000,53,0,0,
0.1634,6937,1449505,0,1830,0,0,0,-2.5000,-0.2189,0.0000,0.0000,-0.2313,-0.1831,-0.0000,0.0000,54,0,0,
0.1834,6938,1449525,0,1830,0,0,0,-2.5000,-0.2189,0.0000,0.0000,-0.2625,-0.1978,-0.0000,0.0000,55,0,0,
0.2035,6939,1449545,0,1830,0,0,0,-2.5000,-0.2189,0.0000,0.0000,-0.2875,-0.2050,-0.0000,0.0000,56,0,0,
0.2235,6940,1449565,0,1830,0,0,0,-2.5000,-0.2189,0.0000,0.0000,-0.3125,-0.2098,-0.0000,0.0000,57,0,0,
0.2434,6941,1449585,0,1830,0,0,0,-2.5000,-0.2189,0.0000,0.0000,-0.3437,-0.2135,-0.0000,0.0000,58,0,0,
0.2744,6942,1449605,0,1830,0,0,0,-2.5000,-0.2189,0.0000,0.0000,-0.3562,-0.2146,-0.0000,0.0000,59,0,0,
0.2834,6943,1449625,0,1830,0,0,0,-2.5000,-0.2189,0.0000,0.0000,-0.3687,-0.2154,-0.0000,0.0000,60,0,0,
0.3036,6944,1449645,0,1830,0,0,0,-2.5000,-0.2189,0.0000,0.0000,-0.4000,-0.2168,-0.0000,0.0000,61,0,0,2.04
0.3234,6945,1449665,0,1829,0,0,0,-2.5000,-0.2199,0.0000,0.0000,-0.4250,-0.2176,-0.0000,0.0000,62,0,0,
0.3434,6946,1449685,0,1830,0,0,0,-2.5000,-0.2189,0.0000,0.0000,-0.4562,-0.2185,-0.0000,0.0000,63,0,0,
0.3634,6947,1449705,0,1830,0,0,0,-2.5000,-0.2189,0.0000,0.0000,-0.4812,-0.2186,-0.0000,0.0000,64,0,0,
0.3836,6948,1449725,0,1830,0,0,0,-2.5000,-0.2189,0.0000,0.0000,-0.5125,-0.2187,-0.0000,0.0000,65,0,0,
0.4034,6949,1449745,0,1830,0,0,0,-2.5000,-0.2189,0.0000,0.0000,-0.5375,-0.2188,-0.0000,0.0000,66,0,0,
0.4234,6950,1449765,0,1830,0,0,0,-2.5000,-0.2189,0.0000,0.0000,-0.5625,-0.2188,-0.0000,0.0000,67,0,0,
0.4434,6951,1449785,0,1830,0,0,0,-2.5000,-0.2189,0.0000,0.0000,-0.5937,-0.2189,-0.0000,0.0000,68,0,0,
0.4634,6952,1449805,0,1830,0,0,0,-2.5000,-0.2189,0.0000,0.0000,-0.6187,-0.2189,-0.0000,0.0000,69,0,0,
0.4834,6953,1449825,0,1830,0,0,0,-2.5000,-0.2189,0.0000,0.0000,-0.6500,-0.2189,-0.0000,0.0000,70,0,0,
0.5034,6954,1449845,0,1830,0,0,0,-2.5000,-0.2189,0.0000,0.0000,-0.6750,-0.2189,-0.0000,0.0000,71,0,0,
0.5313,6955,1449865,0,1830,0,0,0,-2.5000,-0.2189,0.0000,0.0000,-0.6875,-0.2189,-0.0000,0.0000,72,0,0,
0.5434,6956,1449885,0,1831,0,0,0,-2.5000,-0.2179,0.0000,0.0000,-0.7000,-0.2188,-0.0000,0.0000,73,0,0,
0.5634,6957,1449905,0,1830,0,0,0,-2.5000,-0.2189,0.0000,0.0000,-0.7312,-0.2185,-0.0000,0.0000,74,0,0,
0.5834,6958,1449925,0,1829,0,0,0,-2.5000,-0.2199,0.0000,0.0000,-0.7562,-0.2188,-0.0000,0.0000,75,0,0,
0.6036,6959,1449945,0,1830,0,0,0,-2.5000,-0.2189,0.0000,0.0000,-0.7875,-0.2191,-0.0000,0.0000,76,0,0,
0.6235,6960,1449965,0,1830,0,0,0,-2.5000,-0.2189,0.0000,0.0000,-0.8125,-0.2190,-0.0000,0.0000,77,0,0,
0.6434,6961,1449985,0,1830,0,0,0,-2.5000,-0.2189,0.0000,0.0000,-0.8375,-0.2190,-0.0000,0.0000,78,0,0,
0.6634,6962,1450005,0,1830,0,0,0,-2.5000,-0.2189,0.0000,0.0000,-0.8687,-0.2190,-0.0000,0.0000,79,0,0,
0.6836,6963,1450025,0,1830,0,0,0,-2.5000,-0.2189,0.0000,0.0000,-0.8937,-0.2189,-0.0000,0.0000,80,0,0,
0.7035,6964,1450045,0,1831,0,0,0,-2.5000,-0.2179,0.0000,0.0000,-0.9250,-0.2188,-0.0000,0.0000,81,0,0,
0.7234,6965,1450065,0,1831,0,0,0,-2.5000,-0.2179,0.0000,0.0000,-0.9500,-0.2185,-0.0000,0.0000,82,0,0,
0.7434,6966,1450085,0,1830,0,0,0,-2.5000,-0.2189,0.0000,0.0000,-0.9750,-0.2184,-0.0000,0.0000,83,0,0,
0.7676,6967,1450105,0,1831,0,0,0,-2.5000,-0.2179,0.0000,0.0000,-1.0000,-0.2185,-0.0000,0.0000,84,0,0,
0.7835,6968,1450125,0,1831,0,0,0,-2.5000,-0.2179,0.0000,0.0000,-1.0062,-0.2184,-0.0000,0.0000,85,0,0,
0.8035,6969,1450145,0,1831,0,0,0,-2.5000,-0.2179,0.0000,0.0000,-1.0375,-0.2182,-0.0000,0.0000,86,0,0,
0.8234,6970,1450165,0,1830,0,0,0,-2.5000,-0.2189,0.0000,0.0000,-1.0625,-0.2182,-0.0000,0.0000,87,0,0,
0.8434,6971,1450185,0,1830,0,0,0,-2.5000,-0.2189,0.0000,0.0000,-1.0875,-0.2184,-0.0000,0.0000,88,0,0,
0.8635,6972,1450205,0,1831,0,0,0,-2.5000,-0.2179,0.0000,0.0000,-1.1187,-0.2185,-0.0000,0.0000,89,0,0,
0.8835,6973,1450225,0,1831,0,0,0,-2.5000,-0.2179,0.0000,0.0000,-1.1437,-0.2183,-0.0000,0.0000,90,0,0,
0.9034,6974,1450245,0,1831,0,0,0,-2.5000,-0.2179,0.0000,0.0000,-1.1750,-0.2181,-0.0000,0.0000,91,0,0,
0.9235,6975,1450265,0,1831,0,0,0,-2.5000,-0.2179,0.0000,0.0000,-1.2000,-0.2181,-0.0000,0.0000,92,0,0,
0.9434,6976,1450285,0,1830,0,0,0,-2.5000,-0.2189,0.0000,0.0000,-1.2250,-0.2181,-0.0000,0.0000,93,0,0,
0.9635,6977,1450305,0,1830,0,0,0,-2.5000,-0.2189,0.0000,0.0000,-1.2563,-0.2184,-0.0000,0.0000,94,0,0,
0.9834,6978,1450325,0,1830,0,0,0,-2.5000,-0.2189,0.0000,0.0000,-1.2813,-0.2186,-0.0000,0.0000,95,0,0,
1.0034,6979,1450345,0,1830,0,0,0,-2.5000,-0.2189,0.0000,0.0000,-1.3125,-0.2187,-0.0000,0.0000,96,0,0,
1.0314,6980,1450365,0,1830,0,0,0,-2.5000,-0.2189,0.0000,0.0000,-1.3250,-0.2187,-0.0000,0.0000,97,0,0,
1.0434,6981,1450385,0,1830,0,0,0,-2.5000,-0.2189,0.0000,0.0000,-1.3375,-0.2188,-0.0000,0.0000,98,0,0,
1.0634,6982,1450405,0,1830,0,0,0,-2.5000,-0.2189,0.0000,0.0000,-1.3625,-0.2188,-0.0000,0.0000,99,0,0,
1.0835,6983,1450425,0,1830,0,0,0,-2.5000,-0.2189,0.0000,0.0000,-1.3938,-0.2189,-0.0000,0.0000,100,0,0,
1.1035,6984,1450445,0,1830,0,0,0,-2.5000,-0.2189,0.0000,0.0000,-1.4188,-0.2189,-0.0000,0.0000,101,0,0,
1.1235,6985,1450465,0,1830,0,0,0,-2.5000,-0.2189,0.0000,0.0000,-1.4438,-0.2189,-0.0000,0.0000,102,0,0,
1.1435,6986,1450485,0,1830,0,0,0,-2.5000,-0.2189,0.0000,0.0000,-1.4750,-0.2189,-0.0000,0.0000,103,0,0,
1.1634,6987,1450505,0,1831,0,0,0,-2.5000,-0.2179,0.0000,0.0000,-1.5000,-0.2188,-0.0000,0.0000,104,0,0,
1.1834,6988,1450525,0,1831,0,0,0,-2.5000,-0.2179,0.0000,0.0000,-1.5313,-0.2184,-0.0000,0.0000,105,0,0,
1.2035,6989,1450545,0,1830,0,0,0,-2.5000,-0.2189,0.0000,0.0000,-1.5563,-0.2183,-0.0000,0.0000,106,0,0,
1.2235,6990,1450565,0,1830,0,0,0,-2.5000,-0.2189,0.0000,0.0000,-1.5813,-0.2185,-0.0000,0.0000,107,0,0,
1.2435,6991,1450585,0,1831,0,0,0,-2.5000,-0.2179,0.0000,0.0000,-1.6125,-0.2186,-0.0000,0.0000,108,0,0,
1.2635,6992,1450605,0,1830,0,0,0,-2.5000,-0.2189,0.0000,0.0000,-1.6375,-0.2184,-0.0000,0.0000,109,0,0,
1.2885,6993,1450625,0,1830,0,0,0,-2.5000,-0.2189,0.0000,0.0000,-1.6500,-0.2185,-0.0000,0.0000,110,0,0,
1.3036,6994,1450645,0,1830,0,0,0,-2.5000,-0.2189,0.0000,0.0000,-1.6688,-0.2186,-0.0000,0.0000,111,0,0,1.90
1.3234,6995,1450665,0,1830,0,0,0,-2.5000,-0.2189,0.0000,0.0000,-1.6938,-0.2187,-0.0000,0.0000,112,0,0,
1.3434,6996,1450685,0,1830,0,0,0,-2.5000,-0.2189,0.0000,0.0000,-1.7250,-0.2188,-0.0000,0.0000,113,0,0,
1.3635,6997,1450705,0,1830,0,0,0,-2.5000,-0.2189,0.0000,0.0000,-1.7500,-0.2188,-0.0000,0.0000,114,0,0,
1.3834,6998,1450725,0,1829,0,0,0,-2.5000,-0.2199,0.0000,0.0000,-1.7813,-0.2190,-0.0000,0.0000,115,0,0,
1.4034,6999,1450745,0,1830,0,0,0,-2.5000,-0.2189,0.0000,0.0000,-1.8063,-0.2192,-0.0000,0.0000,116,0,0,
1.4235,7000,1450765,0,1830,0,0,0,-2.5000,-0.2189,0.0000,0.0000,-1.8313,-0.2191,-0.0000,0.0000,117,0,0,
1.4435,7001,1450785,0,1830,0,0,0,-2.5000,-0.2189,0.0000,0.0000,-1.8625,-0.2190,-0.0000,0.0000,118,0,0,
1.4634,7002,1450805,0,1831,0,0,0,-2.5000,-0.2179,0.0000,0.0000,-1.8875,-0.2189,-0.0000,0.0000,119,0,0,
1.4835,7003,1450825,0,1831,0,0,0,-2.5000,-0.2179,0.0000,0.0000,-1.9188,-0.2185,-0.0000,0.0000,120,0,0,
1.5035,7004,1450845,0,1830,0,0,0,-2.5000,-0.2189,0.0000,0.0000,-1.9438,-0.2184,-0.0000,0.0000,121,0,0,
1.5459,7006,1450885,0,1831,0,0,0,-2.5000,-0.2179,0.0000,0.0000,-1.9750,-0.2185,-0.0000,0.0000,123,0,0,
1.5634,7007,1450905,0,1830,0,0,0,-2.5000,-0.2189,0.0000,0.0000,-1.9938,-0.2184,-0.0000,0.0000,124,0,0,
1.5835,7008,1450925,0,1830,0,0,0,-2.5000,-0.2189,0.0000,0.0000,-2.0250,-0.2186,-0.0000,0.0000,125,0,0,
1.6036,7009,1450945,0,1831,0,0,0,-2.5000,-0.2179,0.0000,0.0000,-2.0500,-0.2186,-0.0000,0.0000,126,0,0,
1.6234,7010,1450965,0,1831,0,0,0,-2.5000,-0.2179,0.0000,0.0000,-2.0813,-0.2183,-0.0000,0.0000,127,0,0,
1.6435,7011,1450985,0,1830,0,0,0,-2.5000,-0.2189,0.0000,0.0000,-2.1063,-0.2183,-0.0000,0.0000,128,0,0,
1.6634,7012,1451005,0,1830,0,0,0,-2.5000,-0.2189,0.0000,0.0000,-2.1375,-0.2185,-0.0000,0.0000,129,0,0,
1.6834,7013,1451025,0,1830,0,0,0,-2.5000,-0.2189,0.0000,0.0000,-2.1625,-0.2187,-0.0000,0.0000,130,0,0,
1.7035,7014,1451045,0,1830,0,0,0,-2.5000,-0.2189,0.0000,0.0000,-2.1875,-0.2187,-0.0000,0.0000,131,0,0,
1.7235,7015,1451065,0,1831,0,0,0,-2.5000,-0.2179,0.0000,0.0000,-2.2188,-0.2187,-0.0000,0.0000,132,0,0,
1.7435,7016,1451085,0,1831,0,0,0,-2.5000,-0.2179,0.0000,0.0000,-2.2438,-0.2184,-0.0000,0.0000,133,0,0,
1.7635,7017,1451105,0,1830,0,0,0,-2.5000,-0.2189,0.0000,0.0000,-2.2750,-0.2183,-0.0000,0.0000,134,0,0,
1.8829,7019,1451145,0,1830,0,0,0,-2.5000,-0.2189,0.0000,0.0000,-2.2875,-0.2184,-0.0000,0.0000,136,0,0,
1.8833,7023,1451225,0,1831,0,0,0,-2.5000,-0.2179,0.0000,0.0000,-2.2938,-0.2184,-0.0000,0.0000,140,0,0,
1.9035,7024,1451245,0,1830,0,0,0,-2.5000,-0.2189,0.0000,0.0000,-2.3188,-0.2183,-0.0000,0.0000,141,0,0,
1.9235,7025,1451265,0,1831,0,0,0,-2.5000,-0.2179,0.0000,0.0000,-2.3438,-0.2184,-0.0000,0.0000,142,0,0,
1.9434,7026,1451285,0,1831,0,0,0,-2.5000,-0.2179,0.0000,0.0000,-2.3750,-0.2182,-0.0000,0.0000,143,0,0,
1.9634,7027,1451305,0,1831,0,0,0,-2.5000,-0.2179,0.0000,0.0000,-2.4000,-0.2181,-0.0000,0.0000,144,0,0,
1.9833,7028,1451325,0,1831,0,0,0,-2.5000,-0.2179,0.0000,0.0000,-2.4313,-0.2180,-0.0000,0.0000,145,0,0,
2.0035,7029,1451345,0,1831,0,0,0,-2.5000,-0.2179,0.0000,0.0000,-2.4544,-0.2180,-0.0000,0.0000,146,0,0,
2.1163,7034,1451445,0,1831,0,0,0,-2.5000,-0.2179,0.0000,0.0000,-2.4731,-0.2179,-0.0000,0.0000,151,0,0,
2.1497,7036,1451485,0,1831,0,0,0,-2.5000,-0.2179,0.0000,0.0000,-2.4758,-0.2179,-0.0000,0.0000,153,0,0,
2.1635,7037,1451505,0,1831,0,0,0,-2.5000,-0.2179,0.0000,0.0000,-2.4823,-0.2179,-0.0000,0.0000,154,0,0,
2.1834,7038,1451525,0,1831,0,0,0,-2.5000,-0.2179,0.0000,0.0000,-2.4884,-0.2179,-0.0000,0.0000,155,0,0,
2.2035,7039,1451545,0,1831,0,0,0,-2.5000,-0.2179,0.0000,0.0000,-2.4924,-0.2179,-0.0000,0.0000,156,0,0,
2.2235,7040,1451565,0,1831,0,0,0,-2.5000,-0.2179,0.0000,0.0000,-2.4955,-0.2179,-0.0000,0.0000,157,0,0,
2.2435,7041,1451585,0,1831,0,0,0,-2.5000,-0.2179,0.0000,0.0000,-2.4971,-0.2179,-0.0000,0.0000,158,0,0,
2.2635,7042,1451605,0,1831,0,0,0,-2.5000,-0.2179,0.0000,0.0000,-2.4983,-0.2179,-0.0000,0.0000,159,0,0,
2.3829,7046,1451685,0,1829,0,0,0,-2.5000,-0.2199,0.0000,0.0000,-2.4987,-0.2181,-0.0000,0.0000,163,0,0,66.78
2.3834,7048,1451725,0,1830,0,0,0,-2.5000,-0.2189,0.0000,0.0000,-2.4989,-0.2182,-0.0000,0.0000,165,0,0,
2.4034,7049,1451745,0,1830,0,0,0,-2.5000,-0.2189,0.0000,0.0000,-2.4993,-0.2184,-0.0000,0.0000,166,0,0,
2.4234,7050,1451765,0,1830,0,0,0,-2.5000,-0.2189,0.0000,0.0000,-2.4995,-0.2186,-0.0000,0.0000,167,0,0,
2.4434,7051,1451785,0,1830,0,0,0,-2.5000,-0.2189,0.0000,0.0000,-2.4997,-0.2187,-0.0000,0.0000,168,0,0,
2.4635,7052,1451805,0,1830,0,0,0,-2.5000,-0.2189,0.0000,0.0000,-2.4998,-0.2188,-0.0000,0.0000,169,0,0,
2.4834,7053,1451825,0,1830,0,0,0,-2.5000,-0.2189,0.0000,0.0000,-2.4999,-0.2188,-0.0000,0.0000,170,0,0,
2.5035,7054,1451845,0,1831,0,0,0,-2.5000,-0.2179,0.0000,0.0000,-2.4999,-0.2188,-0.0000,0.0000,171,0,0,
2.5234,7055,1451865,0,1831,0,0,0,-2.5000,-0.2179,0.0000,0.0000,-2.5000,-0.2184,-0.0000,0.0000,172,0,0,
2.6495,7061,1451985,0,1831,0,0,0,-2.5000,-0.2179,0.0000,0.0000,-2.5000,-0.2184,-0.0000,0.0000,178,0,0,
2.6634,7062,1452005,0,1830,0,0,0,-2.5000,-0.2189,0.0000,0.0000,-2.5000,-0.2183,-0.0000,0.0000,179,0,0,
2.6834,7063,1452025,0,1831,0,0,0,-2.5000,-0.2179,0.0000,0.0000,-2.5000,-0.2184,-0.0000,0.0000,180,0,0,
2.7034,7064,1452045,0,1831,0,0,0,-2.5000,-0.2179,0.0000,0.0000,-2.5000,-0.2182,-0.0000,0.0000,181,0,0,
2.7234,7065,1452065,0,1832,0,0,0,-2.5000,-0.2169,0.0000,0.0000,-2.5000,-0.2180,-0.0000,0.0000,182,0,0,
2.7434,7066,1452085,0,1831,0,0,0,-2.5000,-0.2179,0.0000,0.0000,-2.5000,-0.2177,-0.0000,0.0000,183,0,0,
2.7634,7067,1452105,0,1831,0,0,0,-2.5000,-0.2179,0.0000,0.0000,-2.5000,-0.2178,-0.0000,0.0000,184,0,0,
2.8160,7069,1452145,0,1831,0,0,0,-2.5000,-0.2179,0.0000,0.0000,-2.5000,-0.2178,-0.0000,0.0000,186,0,0,
2.8834,7073,1452225,0,1831,0,0,0,-2.5000,-0.2179,0.0000,0.0000,-2.5000,-0.2178,-0.0000,0.0000,190,0,0,
2.9034,7074,1452245,0,1831,0,0,0,-2.5000,-0.2179,0.0000,0.0000,-2.5000,-0.2179,-0.0000,0.0000,191,0,0,
2.9235,7075,1452265,0,1830,0,0,0,-2.5000,-0.2189,0.0000,0.0000,-2.5000,-0.2180,-0.0000,0.0000,192,0,0,
2.9434,7076,1452285,0,1829,0,0,0,-2.5000,-0.2199,0.0000,0.0000,-2.5000,-0.2184,-0.0000,0.0000,193,0,0,
2.9634,7077,1452305,0,1829,0,0,0,-2.5000,-0.2199,0.0000,0.0000,-2.5000,-0.2189,-0.0000,0.0000,194,0,0,
2.9834,7078,1452325,0,1830,0,0,0,-2.5000,-0.2189,0.0000,0.0000,-2.5000,-0.2192,-0.0000,0.0000,195,0,0,
3.0035,7079,1452345,0,1829,0,0,0,-2.5000,-0.2199,0.0000,0.0000,-2.5000,-0.2192,-0.0000,0.0000,196,0,0,
3.0234,7080,1452365,0,1829,0,0,0,-2.5000,-0.2199,0.0000,0.0000,-2.5000,-0.2195,-0.0000,0.0000,197,0,0,
3.1493,7082,1452405,0,1830,0,0,0,-2.5000,-0.2189,0.0000,0.0000,-2.5000,-0.2195,-0.0000,0.0000,199,0,0,
3.1496,7086,1452485,0,1831,0,0,0,-2.5000,-0.2179,0.0000,0.0000,-2.5000,-0.2193,-0.0000,0.0000,203,0,0,
3.1637,7087,1452505,0,1831,0,0,0,-2.5000,-0.2179,0.0000,0.0000,-2.5000,-0.2189,-0.0000,0.0000,204,0,0,
3.1834,7088,1452525,0,1830,0,0,0,-2.5000,-0.2189,0.0000,0.0000,-2.5000,-0.2187,-0.0000,0.0000,205,0,0,
3.2037,7089,1452545,0,1831,0,0,0,-2.5000,-0.2179,0.0000,0.0000,-2.5000,-0.2187,-0.0000,0.0000,206,0,0,
3.2235,7090,1452565,0,1832,0,0,0,-2.5000,-0.2169,0.0000,0.0000,-2.5000,-0.2183,-0.0000,0.0000,207,0,0,
3.2435,7091,1452585,0,1831,0,0,0,-2.5000,-0.2179,0.0000,0.0000,-2.5000,-0.2179,-0.0000,0.0000,208,0,0,
3.2635,7092,1452605,0,1832,0,0,0,-2.5000,-0.2169,0.0000,0.0000,-2.5000,-0.2178,-0.0000,0.0000,209,0,0,
3.2834,7093,1452625,0,1831,0,0,0,-2.5000,-0.2179,0.0000,0.0000,-2.5000,-0.2176,-0.0000,0.0000,210,0,0,
3.3829,7097,1452705,0,1831,0,0,0,-2.5000,-0.2179,0.0000,0.0000,-2.5000,-0.2176,-0.0000,0.0000,214,0,0,33.49
3.4164,7099,1452745,0,1831,0,0,0,-2.5000,-0.2179,0.0000,0.0000,-2.5000,-0.2176,-0.0000,0.0000,216,0,0,
3.4235,7100,1452765,0,1831,0,0,0,-2.5000,-0.2179,0.0000,0.0000,-2.5000,-0.2177,-0.0000,0.0000,217,0,0,
3.4434,7101,1452785,0,1830,0,0,0,-2.5000,-0.2189,0.0000,0.0000,-2.5000,-0.2179,-0.0000,0.0000,218,0,0,
3.4634,7102,1452805,0,1831,0,0,0,-2.5000,-0.2179,0.0000,0.0000,-2.5000,-0.2181,-0.0000,0.0000,219,0,0,
3.4834,7103,1452825,0,1831,0,0,0,-2.5000,-0.2179,0.0000,0.0000,-2.5000,-0.2180,-0.0000,0.0000,220,0,0,
3.5035,7104,1452845,0,1831,0,0,0,-2.5000,-0.2179,0.0000,0.0000,-2.5000,-0.2180,-0.0000,0.0000,221,0,0,
3.5235,7105,1452865,0,1831,0,0,0,-2.5000,-0.2179,0.0000,0.0000,-2.5000,-0.2180,-0.0000,0.0000,222,0,0,
3.6164,7106,1452885,0,1831,0,0,0,-2.5000,-0.2179,0.0000,0.0000,-2.5000,-0.2179,-0.0000,0.0000,223,0,0,
3.6497,7111,1452985,0,1829,0,0,0,-2.5000,-0.2199,0.0000,0.0000,-2.5000,-0.2181,-0.0000,0.0000,228,0,0,
3.6635,7112,1453005,0,1830,0,0,0,-2.5000,-0.2189,0.0000,0.0000,-2.5000,-0.2185,-0.0000,0.0000,229,0,0,
3.6834,7113,1453025,0,1830,0,0,0,-2.5000,-0.2189,0.0000,0.0000,-2.5000,-0.2186,-0.0000,0.0000,230,0,0,
3.7035,7114,1453045,0,1830,0,0,0,-2.5000,-0.2189,0.0000,0.0000,-2.5000,-0.2187,-0.0000,0.0000,231,0,0,
3.7235,7115,1453065,0,1831,0,0,0,-2.5000,-0.2179,0.0000,0.0000,-2.5000,-0.2187,-0.0000,0.0000,232,0,0,
3.7434,7116,1453085,0,1830,0,0,0,-2.5000,-0.2189,0.0000,0.0000,-2.5000,-0.2185,-0.0000,0.0000,233,0,0,
3.7636,7117,1453105,0,1830,0,0,0,-2.5000,-0.2189,0.0000,0.0000,-2.5000,-0.2187,-0.0000,0.0000,234,0,0,
3.7834,7118,1453125,0,1830,0,0,0,-2.5000,-0.2189,0.0000,0.0000,-2.5000,-0.2188,-0.0000,0.0000,235,0,0,
3.8826,7122,1453205,0,1829,0,0,0,-2.5000,-0.2199,0.0000,0.0000,-2.5000,-0.2189,-0.0000,0.0000,239,0,0,
3.9162,7124,1453245,0,1829,0,0,0,-2.5000,-0.2199,0.0000,0.0000,-2.5000,-0.2190,-0.0000,0.0000,241,0,0,
3.9234,7125,1453265,0,1831,0,0,0,-2.5000,-0.2179,0.0000,0.0000,-2.5000,-0.2189,-0.0000,0.0000,242,0,0,
3.9434,7126,1453285,0,1830,0,0,0,-2.5000,-0.2189,0.0000,0.0000,-2.5000,-0.2186,-0.0000,0.0000,243,0,0,
3.9634,7127,1453305,0,1830,0,0,0,-2.5000,-0.2189,0.0000,0.0000,-2.5000,-0.2187,-0.0000,0.0000,244,0,0,
3.9835,7128,1453325,0,1831,0,0,0,-2.5000,-0.2179,0.0000,0.0000,-2.5000,-0.2187,-0.0000,0.0000,245,0,0,
4.0035,7129,1453345,0,1831,0,0,0,-2.5000,-0.2179,0.0000,0.0000,-2.5000,-0.2184,-0.0000,0.0000,246,0,0,
4.0236,7130,1453365,0,1830,0,0,0,-2.5000,-0.2189,0.0000,0.0000,-2.5000,-0.2183,-0.0000,0.0000,247,0,0,
4.1494,7131,1453385,0,1831,0,0,0,-2.5000,-0.2179,0.0000,0.0000,-2.5000,-0.2185,-0.0000,0.0000,248,0,0,
4.1496,7136,1453485,0,1831,0,0,0,-2.5000,-0.2179,0.0000,0.0000,-2.5000,-0.2184,-0.0000,0.0000,253,0,0,
4.1635,7137,1453505,0,1831,0,0,0,-2.5000,-0.2179,0.0000,0.0000,-2.5000,-0.2183,-0.0000,0.0000,254,0,0,
4.1834,7138,1453525,0,1831,0,0,0,-2.5000,-0.2179,0.0000,0.0000,-2.5000,-0.2181,-0.0000,0.0000,255,0,0,
4.2034,7139,1453545,0,1831,0,0,0,-2.5000,-0.2179,0.0000,0.0000,-2.5000,-0.2181,-0.0000,0.0000,256,0,0,
4.2234,7140,1453565,0,1831,0,0,0,-2.5000,-0.2179,0.0000,0.0000,-2.5000,-0.2180,-0.0000,0.0000,257,0,0,
4.2434,7141,1453585,0,1831,0,0,0,-2.5000,-0.2179,0.0000,0.0000,-2.5000,-0.2180,-0.0000,0.0000,258,0,0,
4.2634,7142,1453605,0,1831,0,0,0,-2.5000,-0.2179,0.0000,0.0000,-2.5000,-0.2179,-0.0000,0.0000,259,0,0,
4.2834,7143,1453625,0,1831,0,0,0,-2.5000,-0.2179,0.0000,0.0000,-2.5000,-0.2179,-0.0000,0.0000,260,0,0,
4.3159,7144,1453645,0,1831,0,0,0,-2.5000,-0.2179,0.0000,0.0000,-2.5000,-0.2179,-0.0000,0.0000,261,0,0,
4.4163,7149,1453745,0,1830,0,0,0,-2.5000,-0.2189,0.0000,0.0000,-2.5000,-0.2180,-0.0000,0.0000,266,0,0,
4.4233,7150,1453765,0,1830,0,0,0,-2.5000,-0.2189,0.0000,0.0000,-2.5000,-0.2181,-0.0000,0.0000,267,0,0,8.31
4.4435,7151,1453785,0,1831,0,0,0,-2.5000,-0.2179,0.0000,0.0000,-2.5000,-0.2183,-0.0000,0.0000,268,0,0,
4.4635,7152,1453805,0,1831,0,0,0,-2.5000,-0.2179,0.0000,0.0000,-2.5000,-0.2182,-0.0000,0.0000,269,0,0,
4.4834,7153,1453825,0,1831,0,0,0,-2.5000,-0.2179,0.0000,0.0000,-2.5000,-0.2181,-0.0000,0.0000,270,0,0,
4.5034,7154,1453845,0,1831,0,0,0,-2.5000,-0.2179,0.0000,0.0000,-2.5000,-0.2180,-0.0000,0.0000,271,0,0,
4.5235,7155,1453865,0,1831,0,0,0,-2.5000,-0.2179,0.0000,0.0000,-2.5000,-0.2180,-0.0000,0.0000,272,0,0,
4.5435,7156,1453885,0,1831,0,0,0,-2.5000,-0.2179,0.0000,0.0000,-2.5000,-0.2179,-0.0000,0.0000,273,0,0,
4.6162,7159,1453945,0,1831,0,0,0,-2.5000,-0.2179,0.0000,0.0000,-2.5000,-0.2179,-0.0000,0.0000,276,0,0,
4.6496,7161,1453985,0,1831,0,0,0,-2.5000,-0.2179,0.0000,0.0000,-2.5000,-0.2179,-0.0000,0.0000,278,0,0,
4.6636,7162,1454005,0,1830,0,0,0,-2.5000,-0.2189,0.0000,0.0000,-2.5000,-0.2180,-0.0000,0.0000,279,0,0,
4.6834,7163,1454025,0,1830,0,0,0,-2.5000,-0.2189,0.0000,0.0000,-2.5000,-0.2183,-0.0000,0.0000,280,0,0,
4.7034,7164,1454045,0,1830,0,0,0,-2.5000,-0.2189,0.0000,0.0000,-2.5000,-0.2185,-0.0000,0.0000,281,0,0,
4.7234,7165,1454065,0,1830,0,0,0,-2.5000,-0.2189,0.0000,0.0000,-2.5000,-0.2187,-0.0000,0.0000,282,0,0,
4.7435,7166,1454085,0,1830,0,0,0,-2.5000,-0.2189,0.0000,0.0000,-2.5000,-0.2188,-0.0000,0.0000,283,0,0,
4.7634,7167,1454105,0,1830,0,0,0,-2.5000,-0.2189,0.0000,0.0000,-2.5000,-0.2188,-0.0000,0.0000,284,0,0,
4.7834,7168,1454125,0,1832,0,0,0,-2.5000,-0.2169,0.0000,0.0000,-2.5000,-0.2186,-0.0000,0.0000,285,0,0,
4.9159,7174,1454245,0,1832,0,0,0,-2.5000,-0.2169,0.0000,0.0000,-2.5000,-0.2180,-0.0000,0.0000,291,0,0,
4.9234,7175,1454265,0,1831,0,0,0,-2.5000,-0.2179,0.0000,0.0000,-2.5000,-0.2179,-0.0000,0.0000,292,0,0,
4.9434,7176,1454285,0,1831,0,0,0,-2.5000,-0.2179,0.0000,0.0000,-2.5000,-0.2179,-0.0000,0.0000,293,0,0,
4.9634,7177,1454305,0,1831,0,0,0,-2.5000,-0.2179,0.0000,0.0000,-2.5000,-0.2179,-0.0000,0.0000,294,0,0,
4.9834,7178,1454325,0,1831,0,0,0,-2.5000,-0.2179,0.0000,0.0000,-2.5000,-0.2179,-0.0000,0.0000,295,0,0,
5.0034,7179,1454345,0,1831,0,0,0,-2.5000,-0.2179,0.0000,0.0000,-2.5000,-0.2179,-0.0000,0.0000,296,0,0,
5.0235,7180,1454365,0,1830,0,0,0,-2.5000,-0.2189,0.0000,0.0000,-2.5000,-0.2180,-0.0000,0.0000,297,0,0,
5.0434,7181,1454385,0,1830,0,0,0,-2.5000,-0.2189,0.0000,0.0000,-2.5000,-0.2184,-0.0000,0.0000,298,0,0,
5.1159,7184,1454445,0,1829,0,0,0,-2.5000,-0.2199,0.0000,0.0000,-2.5000,-0.2186,-0.0000,0.0000,301,0,0,
5.1835,7188,1454525,0,1830,0,0,0,-2.5000,-0.2189,0.0000,0.0000,-2.5000,-0.2186,-0.0000,0.0000,305,0,0,
5.2034,7189,1454545,0,1830,0,0,0,-2.5000,-0.2189,0.0000,0.0000,-2.5000,-0.2187,-0.0000,0.0000,306,0,0,
5.2235,7190,1454565,0,1830,0,0,0,-2.5000,-0.2189,0.0000,0.0000,-2.5000,-0.2188,-0.0000,0.0000,307,0,0,
5.2434,7191,1454585,0,1830,0,0,0,-2.5000,-0.2189,0.0000,0.0000,-2.5000,-0.2188,-0.0000,0.0000,308,0,0,
5.2634,7192,1454605,0,1830,0,0,0,-2.5000,-0.2189,0.0000,0.0000,-2.5000,-0.2189,-0.0000,0.0000,309,0,0,
5.2834,7193,1454625,0,1830,0,0,0,-2.5000,-0.2189,0.0000,0.0000,-2.5000,-0.2189,-0.0000,0.0000,310,0,0,
5.3035,7194,1454645,0,1831,0,0,0,-2.5000,-0.2179,0.0000,0.0000,-2.5000,-0.2188,-0.0000,0.0000,311,0,0,
5.3492,7196,1454685,0,1832,0,0,0,-2.5000,-0.2169,0.0000,0.0000,-2.5000,-0.2186,-0.0000,0.0000,313,0,0,
5.4163,7199,1454745,0,1831,0,0,0,-2.5000,-0.2179,0.0000,0.0000,-2.5000,-0.2185,-0.0000,0.0000,316,0,0,
5.4233,7200,1454765,0,1831,0,0,0,-2.5000,-0.2179,0.0000,0.0000,-2.5000,-0.2185,-0.0000,0.0000,317,0,0,8.26
5.4435,7201,1454785,0,1831,0,0,0,-2.5000,-0.2179,0.0000,0.0000,-2.5000,-0.2182,-0.0000,0.0000,318,0,0,
5.4634,7202,1454805,0,1832,0,0,0,-2.5000,-0.2169,0.0000,0.0000,-2.5000,-0.2180,-0.0000,0.0000,319,0,0,
5.4835,7203,1454825,0,1832,0,0,0,-2.5000,-0.2169,0.0000,0.0000,-2.5000,-0.2176,-0.0000,0.0000,320,0,0,
5.5034,7204,1454845,0,1831,0,0,0,-2.5000,-0.2179,0.0000,0.0000,-2.5000,-0.2174,-0.0000,0.0000,321,0,0,
5.5235,7205,1454865,0,1831,0,0,0,-2.5000,-0.2179,0.0000,0.0000,-2.5000,-0.2176,-0.0000,0.0000,322,0,0,
5.5435,7206,1454885,0,1831,0,0,0,-2.5000,-0.2179,0.0000,0.0000,-2.5000,-0.2177,-0.0000,0.0000,323,0,0,
5.5929,7208,1454925,0,1831,0,0,0,-2.5000,-0.2179,0.0000,0.0000,-2.5000,-0.2178,-0.0000,0.0000,325,0,0,
5.6034,7209,1454945,0,1831,0,0,0,-2.5000,-0.2179,0.0000,0.0000,-2.5000,-0.2178,-0.0000,0.0000,326,0,0,
5.6235,7210,1454965,0,1832,0,0,0,-2.5000,-0.2169,0.0000,0.0000,-2.5000,-0.2177,-0.0000,0.0000,327,0,0,
5.6434,7211,1454985,0,1832,0,0,0,-2.5000,-0.2169,0.0000,0.0000,-2.5000,-0.2174,-0.0000,0.0000,328,0,0,
5.6635,7212,1455005,0,1832,0,0,0,-2.5000,-0.2169,0.0000,0.0000,-2.5000,-0.2172,-0.0000,0.0000,329,0,0,
5.6834,7213,1455025,0,1832,0,0,0,-2.5000,-0.2169,0.0000,0.0000,-2.5000,-0.2171,-0.0000,0.0000,330,0,0,
5.7034,7214,1455045,0,1831,0,0,0,-2.5000,-0.2179,0.0000,0.0000,-2.5000,-0.2171,-0.0000,0.0000,331,0,0,
5.7234,7215,1455065,0,1832,0,0,0,-2.5000,-0.2169,0.0000,0.0000,-2.5000,-0.2173,-0.0000,0.0000,332,0,0,
5.7434,7216,1455085,0,1831,0,0,0,-2.5000,-0.2179,0.0000,0.0000,-2.5000,-0.2172,-0.0000,0.0000,333,0,0,
5.7634,7217,1455105,0,1831,0,0,0,-2.5000,-0.2179,0.0000,0.0000,-2.5000,-0.2175,-0.0000,0.0000,334,0,0,
5.7835,7218,1455125,0,1831,0,0,0,-2.5000,-0.2179,0.0000,0.0000,-2.5000,-0.2176,-0.0000,0.0000,335,0,0,
5.8034,7219,1455145,0,1831,0,0,0,-2.5000,-0.2179,0.0000,0.0000,-2.5000,-0.2177,-0.0000,0.0000,336,0,0,
5.8327,7220,1455165,0,1832,0,0,0,-2.5000,-0.2169,0.0000,0.0000,-2.5000,-0.2177,-0.0000,0.0000,337,0,0,
5.8435,7221,1455185,0,1832,0,0,0,-2.5000,-0.2169,0.0000,0.0000,-2.5000,-0.2175,-0.0000,0.0000,338,0,0,
5.8635,7222,1455205,0,1832,0,0,0,-2.5000,-0.2169,0.0000,0.0000,-2.5000,-0.2173,-0.0000,0.0000,339,0,0,
5.8835,7223,1455225,0,1832,0,0,0,-2.5000,-0.2169,0.0000,0.0000,-2.5000,-0.2171,-0.0000,0.0000,340,0,0,
5.9034,7224,1455245,0,1831,0,0,0,-2.5000,-0.2179,0.0000,0.0000,-2.5000,-0.2171,-0.0000,0.0000,341,0,0,
5.9234,7225,1455265,0,1831,0,0,0,-2.5000,-0.2179,0.0000,0.0000,-2.5000,-0.2175,-0.0000,0.0000,342,0,0,
5.9435,7226,1455285,0,1831,0,0,0,-2.5000,-0.2179,0.0000,0.0000,-2.5000,-0.2176,-0.0000,0.0000,343,0,0,
5.9635,7227,1455305,0,1831,0,0,0,-2.5000,-0.2179,0.0000,0.0000,-2.5000,-0.2177,-0.0000,0.0000,344,0,0,
5.9834,7228,1455325,0,1832,0,0,0,-2.5000,-0.2169,0.0000,0.0000,-2.5000,-0.2177,-0.0000,0.0000,345,0,0,
6.0035,7229,1455345,0,1831,0,0,0,-2.5000,-0.2179,0.0000,0.0000,-2.5000,-0.2175,-0.0000,0.0000,346,0,0,
6.0234,7230,1455365,0,1831,0,0,0,-2.5000,-0.2179,0.0000,0.0000,-2.5000,-0.2177,-0.0000,0.0000,347,0,0,
6.0434,7231,1455385,0,1831,0,0,0,-2.5000,-0.2179,0.0000,0.0000,-2.5000,-0.2177,-0.0000,0.0000,348,0,0,
6.0894,7233,1455425,0,1831,0,0,0,-2.5000,-0.2179,0.0000,0.0000,-2.5000,-0.2178,-0.0000,0.0000,350,0,0,
6.1035,7234,1455445,0,1831,0,0,0,-2.5000,-0.2179,0.0000,0.0000,-2.5000,-0.2178,-0.0000,0.0000,351,0,0,
6.1235,7235,1455465,0,1831,0,0,0,-2.5000,-0.2179,0.0000,0.0000,-2.5000,-0.2179,-0.0000,0.0000,352,0,0,
6.1434,7236,1455485,0,1830,0,0,0,-2.5000,-0.2189,0.0000,0.0000,-2.5000,-0.2180,-0.0000,0.0000,353,0,0,
6.1635,7237,1455505,0,1830,0,0,0,-2.5000,-0.2189,0.0000,0.0000,-2.5000,-0.2184,-0.0000,0.0000,354,0,0,
6.1835,7238,1455525,0,1830,0,0,0,-2.5000,-0.2189,0.0000,0.0000,-2.5000,-0.2185,-0.0000,0.0000,355,0,0,
6.2035,7239,1455545,0,1830,0,0,0,-2.5000,-0.2189,0.0000,0.0000,-2.5000,-0.2187,-0.0000,0.0000,356,0,0,
6.2234,7240,1455565,0,1830,0,0,0,-2.5000,-0.2189,0.0000,0.0000,-2.5000,-0.2188,-0.0000,0.0000,357,0,0,
6.2435,7241,1455585,0,1830,0,0,0,-2.5000,-0.2189,0.0000,0.0000,-2.5000,-0.2188,-0.0000,0.0000,358,0,0,
6.2635,7242,1455605,0,1830,0,0,0,-2.5000,-0.2189,0.0000,0.0000,-2.5000,-0.2188,-0.0000,0.0000,359,0,0,
6.2835,7243,1455625,0,1830,0,0,0,-2.5000,-0.2189,0.0000,0.0000,-2.5000,-0.2189,-0.0000,0.0000,360,0,0,
6.3035,7244,1455645,0,1830,0,0,0,-2.5000,-0.2189,0.0000,0.0000,-2.5000,-0.2189,-0.0000,0.0000,361,0,0,
6.3325,7245,1455665,0,1830,0,0,0,-2.5000,-0.2189,0.0000,0.0000,-2.5000,-0.2189,-0.0000,0.0000,362,0,0,
6.3434,7246,1455685,0,1830,0,0,0,-2.5000,-0.2189,0.0000,0.0000,-2.5000,-0.2189,-0.0000,0.0000,363,0,0,
6.3635,7247,1455705,0,1830,0,0,0,-2.5000,-0.2189,0.0000,0.0000,-2.5000,-0.2189,-0.0000,0.0000,364,0,0,
6.3835,7248,1455725,0,1830,0,0,0,-2.5000,-0.2189,0.0000,0.0000,-2.5000,-0.2189,-0.0000,0.0000,365,0,0,
6.4035,7249,1455745,0,1830,0,0,0,-2.5000,-0.2189,0.0000,0.0000,-2.5000,-0.2189,-0.0000,0.0000,366,0,0,
6.4235,7250,1455765,0,1830,0,0,0,-2.5000,-0.2189,0.0000,0.0000,-2.5000,-0.2189,-0.0000,0.0000,367,0,0,2.02
6.4435,7251,1455785,0,1831,0,0,0,-2.5000,-0.2179,0.0000,0.0000,-2.5000,-0.2188,-0.0000,0.0000,368,0,0,
6.4635,7252,1455805,0,1831,0,0,0,-2.5000,-0.2179,0.0000,0.0000,-2.5000,-0.2185,-0.0000,0.0000,369,0,0,
6.4835,7253,1455825,0,1831,0,0,0,-2.5000,-0.2179,0.0000,0.0000,-2.5000,-0.2183,-0.0000,0.0000,370,0,0,
6.5035,7254,1455845,0,1831,0,0,0,-2.5000,-0.2179,0.0000,0.0000,-2.5000,-0.2181,-0.0000,0.0000,371,0,0,
6.5235,7255,1455865,0,1831,0,0,0,-2.5000,-0.2179,0.0000,0.0000,-2.5000,-0.2180,-0.0000,0.0000,372,0,0,
6.5435,7256,1455885,0,1831,0,0,0,-2.5000,-0.2179,0.0000,0.0000,-2.5000,-0.2180,-0.0000,0.0000,373,0,0,
6.5634,7257,1455905,0,1831,0,0,0,-2.5000,-0.2179,0.0000,0.0000,-2.5000,-0.2180,-0.0000,0.0000,374,0,0,
6.5966,7258,1455925,0,1831,0,0,0,-2.5000,-0.2179,0.0000,0.0000,-2.5000,-0.2179,-0.0000,0.0000,375,0,0,
6.6035,7259,1455945,0,1831,0,0,0,-2.5000,-0.2179,0.0000,0.0000,-2.5000,-0.2179,-0.0000,0.0000,376,0,0,
6.6235,7260,1455965,0,1831,0,0,0,-2.5000,-0.2179,0.0000,0.0000,-2.5000,-0.2179,-0.0000,0.0000,377,0,0,
6.6435,7261,1455985,0,1830,0,0,0,-2.5000,-0.2189,0.0000,0.0000,-2.5000,-0.2180,-0.0000,0.0000,378,0,0,
6.6635,7262,1456005,0,1830,0,0,0,-2.5000,-0.2189,0.0000,0.0000,-2.5000,-0.2183,-0.0000,0.0000,379,0,0,
6.6835,7263,1456025,0,1830,0,0,0,-2.5000,-0.2189,0.0000,0.0000,-2.5000,-0.2186,-0.0000,0.0000,380,0,0,
6.7035,7264,1456045,0,1831,0,0,0,-2.5000,-0.2179,0.0000,0.0000,-2.5000,-0.2186,-0.0000,0.0000,381,0,0,
6.7234,7265,1456065,0,1830,0,0,0,-2.5000,-0.2189,0.0000,0.0000,-2.5000,-0.2184,-0.0000,0.0000,382,0,0,
6.7434,7266,1456085,0,1831,0,0,0,-2.5000,-0.2179,0.0000,0.0000,-2.5000,-0.2185,-0.0000,0.0000,383,0,0,
6.7634,7267,1456105,0,1830,0,0,0,-2.5000,-0.2189,0.0000,0.0000,-2.5000,-0.2184,-0.0000,0.0000,384,0,0,
6.7834,7268,1456125,0,1830,0,0,0,-2.5000,-0.2189,0.0000,0.0000,-2.5000,-0.2186,-0.0000,0.0000,385,0,0,
6.8035,7269,1456145,0,1830,0,0,0,-2.5000,-0.2189,0.0000,0.0000,-2.5000,-0.2187,-0.0000,0.0000,386,0,0,
6.8462,7270,1456165,0,1830,0,0,0,-2.5000,-0.2189,0.0000,0.0000,-2.5000,-0.2188,-0.0000,0.0000,387,0,0,
6.8464,7271,1456185,0,1830,0,0,0,-2.5000,-0.2189,0.0000,0.0000,-2.5000,-0.2188,-0.0000,0.0000,388,0,0,
6.8635,7272,1456205,0,1830,0,0,0,-2.5000,-0.2189,0.0000,0.0000,-2.5000,-0.2188,-0.0000,0.0000,389,0,0,
6.8835,7273,1456225,0,1830,0,0,0,-2.5000,-0.2189,0.0000,0.0000,-2.5000,-0.2189,-0.0000,0.0000,390,0,0,
6.9035,7274,1456245,0,1831,0,0,0,-2.5000,-0.2179,0.0000,0.0000,-2.5000,-0.2188,-0.0000,0.0000,391,0,0,
6.9234,7275,1456265,0,1832,0,0,0,-2.5000,-0.2169,0.0000,0.0000,-2.5000,-0.2183,-0.0000,0.0000,392,0,0,
6.9434,7276,1456285,0,1832,0,0,0,-2.5000,-0.2169,0.0000,0.0000,-2.5000,-0.2178,-0.0000,0.0000,393,0,0,
6.9634,7277,1456305,0,1832,0,0,0,-2.5000,-0.2169,0.0000,0.0000,-2.5000,-0.2174,-0.0000,0.0000,394,0,0,
6.9835,7278,1456325,0,1832,0,0,0,-2.5000,-0.2169,0.0000,0.0000,-2.5000,-0.2172,-0.0000,0.0000,395,0,0,
7.0034,7279,1456345,0,1831,0,0,0,-2.5000,-0.2179,0.0000,0.0000,-2.5000,-0.2172,-0.0000,0.0000,396,0,0,
7.0235,7280,1456365,0,1830,0,0,0,-2.5000,-0.2189,0.0000,0.0000,-2.5000,-0.2176,-0.0000,0.0000,397,0,0,
7.0435,7281,1456385,0,1830,0,0,0,-2.5000,-0.2189,0.0000,0.0000,-2.5000,-0.2180,-0.0000,0.0000,398,0,0,
7.0635,7282,1456405,0,1829,0,0,0,-2.5000,-0.2199,0.0000,0.0000,-2.5000,-0.2185,-0.0000,0.0000,399,0,0,
7.0964,7283,1456425,0,1830,0,0,0,-2.5000,-0.2189,0.0000,0.0000,-2.5000,-0.2188,-0.0000,0.0000,400,0,0,
7.1035,7284,1456445,0,1831,0,0,0,-2.5000,-0.2179,0.0000,0.0000,-2.5000,-0.2187,-0.0000,0.0000,401,0,0,
7.1235,7285,1456465,0,1831,0,0,0,-2.5000,-0.2179,0.0000,0.0000,-2.5000,-0.2184,-0.0000,0.0000,402,0,0,
7.1435,7286,1456485,0,1831,0,0,0,-2.5000,-0.2179,0.0000,0.0000,-2.5000,-0.2182,-0.0000,0.0000,403,0,0,
7.1635,7287,1456505,0,1831,0,0,0,-2.5000,-0.2179,0.0000,0.0000,-2.5000,-0.2181,-0.0000,0.0000,404,0,0,
7.1835,7288,1456525,0,1831,0,0,0,-2.5000,-0.2179,0.0000,0.0000,-2.5000,-0.2180,-0.0000,0.0000,405,0,0,
7.2034,7289,1456545,0,1831,0,0,0,-2.5000,-0.2179,0.0000,0.0000,-2.5000,-0.2180,-0.0000,0.0000,406,0,0,
7.2235,7290,1456565,0,1831,0,0,0,-2.5000,-0.2179,0.0000,0.0000,-2.5000,-0.2179,-0.0000,0.0000,407,0,0,
7.2435,7291,1456585,0,1831,0,0,0,-2.5000,-0.2179,0.0000,0.0000,-2.5000,-0.2179,-0.0000,0.0000,408,0,0,
7.2634,7292,1456605,0,1831,0,0,0,-2.5000,-0.2179,0.0000,0.0000,-2.5000,-0.2179,-0.0000,0.0000,409,0,0,
7.2834,7293,1456625,0,1830,0,0,0,-2.5000,-0.2189,0.0000,0.0000,-2.5000,-0.2180,-0.0000,0.0000,410,0,0,
7.3035,7294,1456645,0,1831,0,0,0,-2.5000,-0.2179,0.0000,0.0000,-2.5000,-0.2183,-0.0000,0.0000,411,0,0,
7.3235,7295,1456665,0,1830,0,0,0,-2.5000,-0.2189,0.0000,0.0000,-2.5000,-0.2182,-0.0000,0.0000,412,0,0,
7.3533,7296,1456685,0,1830,0,0,0,-2.5000,-0.2189,0.0000,0.0000,-2.5000,-0.2184,-0.0000,0.0000,413,0,0,
7.3634,7297,1456705,0,1830,0,0,0,-2.5000,-0.2189,0.0000,0.0000,-2.5000,-0.2185,-0.0000,0.0000,414,0,0,
7.3835,7298,1456725,0,1830,0,0,0,-2.5000,-0.2189,0.0000,0.0000,-2.5000,-0.2186,-0.0000,0.0000,415,0,0,
7.4035,7299,1456745,0,1830,0,0,0,-2.5000,-0.2189,0.0000,0.0000,-2.5000,-0.2188,-0.0000,0.0000,416,0,0,
7.4236,7300,1456765,0,1830,0,0,0,-2.5000,-0.2189,0.0000,0.0000,-2.5000,-0.2188,-0.0000,0.0000,417,0,0,
7.4435,7301,1456785,0,1830,0,0,0,-2.5000,-0.2189,0.0000,0.0000,-2.5000,-0.2188,-0.0000,0.0000,418,0,0,1.98
7.4635,7302,1456805,0,1830,0,0,0,-2.5000,-0.2189,0.0000,0.0000,-2.5000,-0.2189,-0.0000,0.0000,419,0,0,
7.4835,7303,1456825,0,1831,0,0,0,-2.5000,-0.2179,0.0000,0.0000,-2.5000,-0.2188,-0.0000,0.0000,420,0,0,
7.5035,7304,1456845,0,1831,0,0,0,-2.5000,-0.2179,0.0000,0.0000,-2.5000,-0.2184,-0.0000,0.0000,421,0,0,
7.5234,7305,1456865,0,1830,0,0,0,-2.5000,-0.2189,0.0000,0.0000,-2.5000,-0.2183,-0.0000,0.0000,422,0,0,
7.5435,7306,1456885,0,1830,0,0,0,-2.5000,-0.2189,0.0000,0.0000,-2.5000,-0.2186,-0.0000,0.0000,423,0,0,
7.5635,7307,1456905,0,1829,0,0,0,-2.5000,-0.2199,0.0000,0.0000,-2.5000,-0.2188,-0.0000,0.0000,424,0,0,
7.5893,7308,1456925,0,1830,0,0,0,-2.5000,-0.2189,0.0000,0.0000,-2.5000,-0.2191,-0.0000,0.0000,425,0,0,
7.6035,7309,1456945,0,1829,0,0,0,-2.5000,-0.2199,0.0000,0.0000,-2.5000,-0.2192,-0.0000,0.0000,426,0,0,
7.6235,7310,1456965,0,1829,0,0,0,-2.5000,-0.2199,0.0000,0.0000,-2.5000,-0.2194,-0.0000,0.0000,427,0,0,
7.6435,7311,1456985,0,1829,0,0,0,-2.5000,-0.2199,0.0000,0.0000,-2.5000,-0.2196,-0.0000,0.0000,428,0,0,
7.6635,7312,1457005,0,1831,0,0,0,-2.5000,-0.2179,0.0000,0.0000,-2.5000,-0.2195,-0.0000,0.0000,429,0,0,
7.6835,7313,1457025,0,1832,0,0,0,-2.5000,-0.2169,0.0000,0.0000,-2.5000,-0.2189,-0.0000,0.0000,430,0,0,
7.7034,7314,1457045,0,1831,0,0,0,-2.5000,-0.2179,0.0000,0.0000,-2.5000,-0.2181,-0.0000,0.0000,431,0,0,
7.7234,7315,1457065,0,1831,0,0,0,-2.5000,-0.2179,0.0000,0.0000,-2.5000,-0.2181,-0.0000,0.0000,432,0,0,
7.7435,7316,1457085,0,1830,0,0,0,-2.5000,-0.2189,0.0000,0.0000,-2.5000,-0.2181,-0.0000,0.0000,433,0,0,
7.7634,7317,1457105,0,1830,0,0,0,-2.5000,-0.2189,0.0000,0.0000,-2.5000,-0.2184,-0.0000,0.0000,434,0,0,
7.7835,7318,1457125,0,1830,0,0,0,-2.5000,-0.2189,0.0000,0.0000,-2.5000,-0.2186,-0.0000,0.0000,435,0,0,
7.8035,7319,1457145,0,1830,0,0,0,-2.5000,-0.2189,0.0000,0.0000,-2.5000,-0.2187,-0.0000,0.0000,436,0,0,
7.8234,7320,1457165,0,1830,0,0,0,-2.5000,-0.2189,0.0000,0.0000,-2.5000,-0.2188,-0.0000,0.0000,437,0,0,
7.8602,7321,1457185,0,1830,0,0,0,-2.5000,-0.2189,0.0000,0.0000,-2.5000,-0.2188,-0.0000,0.0000,438,0,0,
7.8634,7322,1457205,0,1831,0,0,0,-2.5000,-0.2179,0.0000,0.0000,-2.5000,-0.2187,-0.0000,0.0000,439,0,0,
7.8834,7323,1457225,0,1831,0,0,0,-2.5000,-0.2179,0.0000,0.0000,-2.5000,-0.2184,-0.0000,0.0000,440,0,0,
7.9034,7324,1457245,0,1831,0,0,0,-2.5000,-0.2179,0.0000,0.0000,-2.5000,-0.2182,-0.0000,0.0000,441,0,0,
7.9235,7325,1457265,0,1832,0,0,0,-2.5000,-0.2169,0.0000,0.0000,-2.5000,-0.2180,-0.0000,0.0000,442,0,0,
7.9435,7326,1457285,0,1831,0,0,0,-2.5000,-0.2179,0.0000,0.0000,-2.5000,-0.2177,-0.0000,0.0000,443,0,0,
7.9635,7327,1457305,0,1832,0,0,0,-2.5000,-0.2169,0.0000,0.0000,-2.5000,-0.2177,-0.0000,0.0000,444,0,0,
7.9835,7328,1457325,0,1832,0,0,0,-2.5000,-0.2169,0.0000,0.0000,-2.5000,-0.2173,-0.0000,0.0000,445,0,0,
8.0035,7329,1457345,0,1831,0,0,0,-2.5000,-0.2179,0.0000,0.0000,-2.5000,-0.2173,-0.0000,0.0000,446,0,0,
8.0234,7330,1457365,0,1831,0,0,0,-2.5000,-0.2179,0.0000,0.0000,-2.5000,-0.2175,-0.0000,0.0000,447,0,0,
8.0435,7331,1457385,0,1831,0,0,0,-2.5000,-0.2179,0.0000,0.0000,-2.5000,-0.2177,-0.0000,0.0000,448,0,0,
8.0635,7332,1457405,0,1831,0,0,0,-2.5000,-0.2179,0.0000,0.0000,-2.5000,-0.2177,-0.0000,0.0000,449,0,0,
8.0835,7333,1457425,0,1831,0,0,0,-2.5000,-0.2179,0.0000,0.0000,-2.5000,-0.2178,-0.0000,0.0000,450,0,0,
8.1102,7334,1457445,0,1831,0,0,0,-2.5000,-0.2179,0.0000,0.0000,-2.5000,-0.2178,-0.0000,0.0000,451,0,0,
8.1235,7335,1457465,0,1831,0,0,0,-2.5000,-0.2179,0.0000,0.0000,-2.5000,-0.2178,-0.0000,0.0000,452,0,0,
8.1435,7336,1457485,0,1831,0,0,0,-2.5000,-0.2179,0.0000,0.0000,-2.5000,-0.2179,-0.0000,0.0000,453,0,0,
8.1634,7337,1457505,0,1831,0,0,0,-2.5000,-0.2179,0.0000,0.0000,-2.5000,-0.2179,-0.0000,0.0000,454,0,0,
8.1835,7338,1457525,0,1830,0,0,0,-2.5000,-0.2189,0.0000,0.0000,-2.5000,-0.2180,-0.0000,0.0000,455,0,0,
8.2034,7339,1457545,0,1831,0,0,0,-2.5000,-0.2179,0.0000,0.0000,-2.5000,-0.2182,-0.0000,0.0000,456,0,0,
8.2235,7340,1457565,0,1832,0,0,0,-2.5000,-0.2169,0.0000,0.0000,-2.5000,-0.2180,-0.0000,0.0000,457,0,0,
8.2435,7341,1457585,0,1832,0,0,0,-2.5000,-0.2169,0.0000,0.0000,-2.5000,-0.2176,-0.0000,0.0000,458,0,0,
8.2634,7342,1457605,0,1831,0,0,0,-2.5000,-0.2179,0.0000,0.0000,-2.5000,-0.2175,-0.0000,0.0000,459,0,0,
8.2835,7343,1457625,0,1830,0,0,0,-2.5000,-0.2189,0.0000,0.0000,-2.5000,-0.2177,-0.0000,0.0000,460,0,0,
8.3035,7344,1457645,0,1831,0,0,0,-2.5000,-0.2179,0.0000,0.0000,-2.5000,-0.2180,-0.0000,0.0000,461,0,0,
8.3235,7345,1457665,0,1831,0,0,0,-2.5000,-0.2179,0.0000,0.0000,-2.5000,-0.2180,-0.0000,0.0000,462,0,0,
8.3531,7346,1457685,0,1831,0,0,0,-2.5000,-0.2179,0.0000,0.0000,-2.5000,-0.2179,-0.0000,0.0000,463,0,0,
8.3674,7347,1457705,0,1831,0,0,0,-2.5000,-0.2179,0.0000,0.0000,-2.5000,-0.2179,-0.0000,0.0000,464,0,0,
8.3835,7348,1457725,0,1831,0,0,0,-2.5000,-0.2179,0.0000,0.0000,-2.5000,-0.2179,-0.0000,0.0000,465,0,0,
8.4035,7349,1457745,0,1831,0,0,0,-2.5000,-0.2179,0.0000,0.0000,-2.5000,-0.2179,-0.0000,0.0000,466,0,0,
8.4237,7350,1457765,0,1831,0,0,0,-2.5000,-0.2179,0.0000,0.0000,-2.5000,-0.2179,-0.0000,0.0000,467,0,0,2.13
8.4436,7351,1457785,0,1831,0,0,0,-2.5000,-0.2179,0.0000,0.0000,-2.5000,-0.2179,-0.0000,0.0000,468,0,0,
8.4635,7352,1457805,0,1831,0,0,0,-2.5000,-0.2179,0.0000,0.0000,-2.5000,-0.2179,-0.0000,0.0000,469,0,0,
8.4835,7353,1457825,0,1831,0,0,0,-2.5000,-0.2179,0.0000,0.0000,-2.5000,-0.2179,-0.0000,0.0000,470,0,0,
8.5035,7354,1457845,0,1831,0,0,0,-2.5000,-0.2179,0.0000,0.0000,-2.5000,-0.2179,-0.0000,0.0000,471,0,0,
8.5235,7355,1457865,0,1831,0,0,0,-2.5000,-0.2179,0.0000,0.0000,-2.5000,-0.2179,-0.0000,0.0000,472,0,0,
8.5435,7356,1457885,0,1831,0,0,0,-2.5000,-0.2179,0.0000,0.0000,-2.5000,-0.2179,-0.0000,0.0000,473,0,0,
8.5635,7357,1457905,0,1831,0,0,0,-2.5000,-0.2179,0.0000,0.0000,-2.5000,-0.2179,-0.0000,0.0000,474,0,0,
8.5835,7358,1457925,0,1831,0,0,0,-2.5000,-0.2179,0.0000,0.0000,-2.5000,-0.2179,-0.0000,0.0000,475,0,0,
8.6172,7359,1457945,0,1831,0,0,0,-2.5000,-0.2179,0.0000,0.0000,-2.5000,-0.2179,-0.0000,0.0000,476,0,0,
8.6234,7360,1457965,0,1831,0,0,0,-2.5000,-0.2179,0.0000,0.0000,-2.5000,-0.2179,-0.0000,0.0000,477,0,0,
8.6435,7361,1457985,0,1831,0,0,0,-2.5000,-0.2179,0.0000,0.0000,-2.5000,-0.2179,-0.0000,0.0000,478,0,0,
8.6635,7362,1458005,0,1831,0,0,0,-2.5000,-0.2179,0.0000,0.0000,-2.5000,-0.2179,-0.0000,0.0000,479,0,0,
8.6835,7363,1458025,0,1831,0,0,0,-2.5000,-0.2179,0.0000,0.0000,-2.5000,-0.2179,-0.0000,0.0000,480,0,0,
8.7035,7364,1458045,0,1831,0,0,0,-2.5000,-0.2179,0.0000,0.0000,-2.5000,-0.2179,-0.0000,0.0000,481,0,0,
8.7234,7365,1458065,0,1831,0,0,0,-2.5000,-0.2179,0.0000,0.0000,-2.5000,-0.2179,-0.0000,0.0000,482,0,0,
8.7435,7366,1458085,0,1831,0,0,0,-2.5000,-0.2179,0.0000,0.0000,-2.5000,-0.2179,-0.0000,0.0000,483,0,0,
8.7635,7367,1458105,0,1831,0,0,0,-2.5000,-0.2179,0.0000,0.0000,-2.5000,-0.2179,-0.0000,0.0000,484,0,0,
8.7835,7368,1458125,0,1830,0,0,0,-2.5000,-0.2189,0.0000,0.0000,-2.5000,-0.2180,-0.0000,0.0000,485,0,0,
8.8035,7369,1458145,0,1830,0,0,0,-2.5000,-0.2189,0.0000,0.0000,-2.5000,-0.2184,-0.0000,0.0000,486,0,0,
8.8234,7370,1458165,0,1831,0,0,0,-2.5000,-0.2179,0.0000,0.0000,-2.5000,-0.2185,-0.0000,0.0000,487,0,0,
8.8530,7371,1458185,0,1831,0,0,0,-2.5000,-0.2179,0.0000,0.0000,-2.5000,-0.2182,-0.0000,0.0000,488,0,0,
8.8670,7372,1458205,0,1831,0,0,0,-2.5000,-0.2179,0.0000,0.0000,-2.5000,-0.2182,-0.0000,0.0000,489,0,0,
8.8835,7373,1458225,0,1831,0,0,0,-2.5000,-0.2179,0.0000,0.0000,-2.5000,-0.2181,-0.0000,0.0000,490,0,0,
8.9035,7374,1458245,0,1831,0,0,0,-2.5000,-0.2179,0.0000,0.0000,-2.5000,-0.2180,-0.0000,0.0000,491,0,0,
8.9235,7375,1458265,0,1832,0,0,0,-2.5000,-0.2169,0.0000,0.0000,-2.5000,-0.2179,-0.0000,0.0000,492,0,0,
8.9435,7376,1458285,0,1832,0,0,0,-2.5000,-0.2169,0.0000,0.0000,-2.5000,-0.2175,-0.0000,0.0000,493,0,0,
8.9635,7377,1458305,0,1832,0,0,0,-2.5000,-0.2169,0.0000,0.0000,-2.5000,-0.2173,-0.0000,0.0000,494,0,0,
8.9835,7378,1458325,0,1831,0,0,0,-2.5000,-0.2179,0.0000,0.0000,-2.5000,-0.2172,-0.0000,0.0000,495,0,0,
9.0035,7379,1458345,0,1831,0,0,0,-2.5000,-0.2179,0.0000,0.0000,-2.5000,-0.2175,-0.0000,0.0000,496,0,0,
9.0235,7380,1458365,0,1831,0,0,0,-2.5000,-0.2179,0.0000,0.0000,-2.5000,-0.2176,-0.0000,0.0000,497,0,0,
9.0435,7381,1458385,0,1831,0,0,0,-2.5000,-0.2179,0.0000,0.0000,-2.5000,-0.2177,-0.0000,0.0000,498,0,0,
9.0634,7382,1458405,0,1831,0,0,0,-2.5000,-0.2179,0.0000,0.0000,-2.5000,-0.2178,-0.0000,0.0000,499,0,0,
9.0835,7383,1458425,0,1830,0,0,0,-2.5000,-0.2189,0.0000,0.0000,-2.5000,-0.2179,-0.0000,0.0000,500,0,0,
9.1169,7384,1458445,0,1830,0,0,0,-2.5000,-0.2189,0.0000,0.0000,-2.5000,-0.2182,-0.0000,0.0000,501,0,0,
9.1235,7385,1458465,0,1830,0,0,0,-2.5000,-0.2189,0.0000,0.0000,-2.5000,-0.2183,-0.0000,0.0000,502,0,0,
9.1435,7386,1458485,0,1830,0,0,0,-2.5000,-0.2189,0.0000,0.0000,-2.5000,-0.2185,-0.0000,0.0000,503,0,0,
9.1635,7387,1458505,0,1830,0,0,0,-2.5000,-0.2189,0.0000,0.0000,-2.5000,-0.2187,-0.0000,0.0000,504,0,0,
9.1835,7388,1458525,0,1831,0,0,0,-2.5000,-0.2179,0.0000,0.0000,-2.5000,-0.2187,-0.0000,0.0000,505,0,0,
9.2035,7389,1458545,0,1831,0,0,0,-2.5000,-0.2179,0.0000,0.0000,-2.5000,-0.2183,-0.0000,0.0000,506,0,0,
9.2235,7390,1458565,0,1830,0,0,0,-2.5000,-0.2189,0.0000,0.0000,-2.5000,-0.2183,-0.0000,0.0000,507,0,0,
9.2435,7391,1458585,0,1830,0,0,0,-2.5000,-0.2189,0.0000,0.0000,-2.5000,-0.2185,-0.0000,0.0000,508,0,0,
9.2635,7392,1458605,0,1831,0,0,0,-2.5000,-0.2179,0.0000,0.0000,-2.5000,-0.2186,-0.0000,0.0000,509,0,0,
9.2834,7393,1458625,0,1831,0,0,0,-2.5000,-0.2179,0.0000,0.0000,-2.5000,-0.2183,-0.0000,0.0000,510,0,0,
9.3035,7394,1458645,0,1832,0,0,0,-2.5000,-0.2169,0.0000,0.0000,-2.5000,-0.2181,-0.0000,0.0000,511,0,0,
9.3235,7395,1458665,0,1832,0,0,0,-2.5000,-0.2169,0.0000,0.0000,-2.5000,-0.2177,-0.0000,0.0000,512,0,0,
9.3435,7396,1458685,0,1832,0,0,0,-2.5000,-0.2169,0.0000,0.0000,-2.5000,-0.2173,-0.0000,0.0000,513,0,0,
9.3739,7397,1458705,0,1831,0,0,0,-2.5000,-0.2179,0.0000,0.0000,-2.5000,-0.2174,-0.0000,0.0000,514,0,0,
9.3835,7398,1458725,0,1831,0,0,0,-2.5000,-0.2179,0.0000,0.0000,-2.5000,-0.2175,-0.0000,0.0000,515,0,0,
9.4035,7399,1458745,0,1830,0,0,0,-2.5000,-0.2189,0.0000,0.0000,-2.5000,-0.2177,-0.0000,0.0000,516,0,0,
9.4237,7400,1458765,0,1831,0,0,0,-2.5000,-0.2179,0.0000,0.0000,-2.5000,-0.2181,-0.0000,0.0000,517,0,0,2.09
9.4435,7401,1458785,0,1831,0,0,0,-2.5000,-0.2179,0.0000,0.0000,-2.5000,-0.2180,-0.0000,0.0000,518,0,0,
9.4635,7402,1458805,0,1831,0,0,0,-2.5000,-0.2179,0.0000,0.0000,-2.5000,-0.2180,-0.0000,0.0000,519,0,0,
9.4835,7403,1458825,0,1831,0,0,0,-2.5000,-0.2179,0.0000,0.0000,-2.5000,-0.2179,-0.0000,0.0000,520,0,0,
9.5035,7404,1458845,0,1831,0,0,0,-2.5000,-0.2179,0.0000,0.0000,-2.5000,-0.2179,-0.0000,0.0000,521,0,0,
9.5235,7405,1458865,0,1831,0,0,0,-2.5000,-0.2179,0.0000,0.0000,-2.5000,-0.2179,-0.0000,0.0000,522,0,0,
9.5435,7406,1458885,0,1831,0,0,0,-2.5000,-0.2179,0.0000,0.0000,-2.5000,-0.2179,-0.0000,0.0000,523,0,0,
9.5634,7407,1458905,0,1831,0,0,0,-2.5000,-0.2179,0.0000,0.0000,-2.5000,-0.2179,-0.0000,0.0000,524,0,0,
9.5835,7408,1458925,0,1830,0,0,0,-2.5000,-0.2189,0.0000,0.0000,-2.5000,-0.2180,-0.0000,0.0000,525,0,0,
9.6169,7409,1458945,0,1831,0,0,0,-2.5000,-0.2179,0.0000,0.0000,-2.5000,-0.2182,-0.0000,0.0000,526,0,0,
9.6241,7410,1458965,0,1831,0,0,0,-2.5000,-0.2179,0.0000,0.0000,-2.5000,-0.2182,-0.0000,0.0000,527,0,0,
9.6435,7411,1458985,0,1832,0,0,0,-2.5000,-0.2169,0.0000,0.0000,-2.5000,-0.2180,-0.0000,0.0000,528,0,0,
9.6635,7412,1459005,0,1831,0,0,0,-2.5000,-0.2179,0.0000,0.0000,-2.5000,-0.2177,-0.0000,0.0000,529,0,0,
9.6835,7413,1459025,0,1831,0,0,0,-2.5000,-0.2179,0.0000,0.0000,-2.5000,-0.2178,-0.0000,0.0000,530,0,0,
9.7035,7414,1459045,0,1832,0,0,0,-2.5000,-0.2169,0.0000,0.0000,-2.5000,-0.2177,-0.0000,0.0000,531,0,0,
9.7235,7415,1459065,0,1832,0,0,0,-2.5000,-0.2169,0.0000,0.0000,-2.5000,-0.2174,-0.0000,0.0000,532,0,0,
9.7435,7416,1459085,0,1832,0,0,0,-2.5000,-0.2169,0.0000,0.0000,-2.5000,-0.2172,-0.0000,0.0000,533,0,0,
9.7635,7417,1459105,0,1831,0,0,0,-2.5000,-0.2179,0.0000,0.0000,-2.5000,-0.2172,-0.0000,0.0000,534,0,0,
9.7835,7418,1459125,0,1831,0,0,0,-2.5000,-0.2179,0.0000,0.0000,-2.5000,-0.2175,-0.0000,0.0000,535,0,0,
9.8035,7419,1459145,0,1831,0,0,0,-2.5000,-0.2179,0.0000,0.0000,-2.5000,-0.2176,-0.0000,0.0000,536,0,0,
9.8235,7420,1459165,0,1830,0,0,0,-2.5000,-0.2189,0.0000,0.0000,-2.5000,-0.2178,-0.0000,0.0000,537,0,0,
9.8435,7421,1459185,0,1830,0,0,0,-2.5000,-0.2189,0.0000,0.0000,-2.5000,-0.2182,-0.0000,0.0000,538,0,0,
